epoch,g_loss,d_loss,D_x,D_G_z,sec
1,3.795983,0.391846,0.793849,0.124790,109.2
2,3.213519,0.295813,0.803355,0.090576,83.0
3,2.490677,0.372610,0.741355,0.154132,84.8
4,2.384067,0.391327,0.726257,0.170586,82.6
5,2.345985,0.414859,0.712297,0.184401,83.8
6,2.436509,0.379307,0.732452,0.165144,81.9
7,2.548146,0.355604,0.749590,0.148768,83.8
8,2.649177,0.344856,0.760187,0.138663,83.3
9,2.689253,0.349822,0.757137,0.141410,84.4
10,2.635452,0.358048,0.750440,0.148387,82.1
11,2.488664,0.372322,0.736511,0.162472,83.8
12,2.407082,0.380815,0.728283,0.170357,82.8
13,2.316458,0.386153,0.719521,0.179494,83.4
14,2.290345,0.397528,0.712175,0.187149,82.2
15,2.242628,0.389168,0.714210,0.184793,84.1
